extreme_type,flow_mean,flow_range,flow_median,flow_sd,flow_n
maximum,212.07339449541286,359,204,61.68358723145956,109
minimum,6.27411214953271,4.819999999999999,6.15,0.9647797219221227,107
